"Product_Display_Name","GUID"
"Privacy Management - subject rights request (1) GCC","017fb6f8-00dd-4025-be2b-4eff067cae72"
"Dynamics 365 Customer Insights vTrial","036c2481-aa8a-47cd-ab43-324f0c157c2d"
"Privacy Management - risk GCC","046f7d3b-9595-4685-a2e8-a2832d2b26aa"
"Office 365 Midsize Business","04a7fb0d-32e0-4241-b4f5-3f7618cd1162"
"Microsoft 365 E3","05e9a617-0261-4cee-bb44-138d3ef5d965"
"Intune","061f9ace-7d42-4136-88ac-31dc755f143f"
"Skype for Business PSTN Usage Calling Plan","06b48c5f-01d9-4b18-9015-03b52040f51a"
"Microsoft 365 E5","06ebc4ee-1bb5-47dd-8120-11324bc54e06"
"Project Plan 3 for GCC","074c6829-b3a0-430a-ba3d-aca365e57065"
"Azure Active Directory Premium P1","078d2b04-f1bd-4111-bbd4-b4b1b354cef4"
"Microsoft 365 Business Voice (US)","08d7bce8-6e16-490e-89db-1d508e5e9609"
"Sensor Data Intelligence Additional Machines Add-in for Dynamics 365 Supply Chain Management","08e18479-4483-4f70-8f17-6f92156d8ea9"
"Project Online Premium","09015f9f-377f-4538-bbb5-f75ceb09358a"
"Rights Management Service Basic Content Protection","093e8d14-a334-43d9-93e3-30589a8b47d0"
"Dynamics 365 Guides","0a389a77-9850-4dc4-b600-bc66fdfefc60"
"Microsoft 365 E3 (500 seats min)_HUB","0c21030a-7e60-4ec7-9a0f-0042e0e0211a"
"Microsoft 365 Audio Conferencing","0c266dff-15dd-4b49-8397-2bb16070ed52"
"Windows 365 Enterprise 1 vCPU 2 GB 64 GB","0c278af4-c9c1-45de-9f4b-cd929e747a2c"
"Windows 365 Enterprise 4 vCPU 16 GB 512 GB","0da63026-e422-4390-89e8-b14520d7e699"
"Skype for Business PSTN Domestic Calling","0dab259f-bf13-4952-b7f8-7db8f131b28d"
"Microsoft Defender for Endpoint","111046dd-295b-4d6d-9724-d52ac90bd1f2"
"Microsoft 365 Domestic Calling Plan (120 Minutes)","11dee6af-eca8-419f-8061-6864517c1875"
"Microsoft 365 Apps for Faculty","12b8c807-2e20-48fc-b453-542b6ee9d171"
"Windows 365 Business 2 vCPU 4 GB 128 GB","135bee78-485b-4181-ad6e-40286e311850"
"Office 365 E4","1392051d-0cb9-4b7a-88d5-621fee5e8711"
"Dynamics 365 Customer Service Professional","1439b6e2-5d59-4873-8c59-d60e2a196e92"
"Power Apps Portals page view capacity add-on for Government","15a64d3e-5b99-4c4b-ae8f-aa6da264bfe7"
"Microsoft Defender for Endpoint P1","16a55f2f-ff35-4cd5-9146-fb784e3761a5"
"Microsoft Teams (Free)","16ddbbfc-09ea-4de2-b1d7-312db6112d70"
"Office 365 E1","18181a46-0d4e-45cd-891e-60aabd171b4e"
"Microsoft 365 A3 for students use benefit","18250162-5d87-4436-a834-d795c15c80f3"
"Microsoft 365 E5 Compliance","184efa21-98c3-4e5d-95ab-d07053a96e67"
"Office 365 E3 Developer","189a915c-fe4f-4ffa-bde4-85b9628d07a0"
"Exchange Online (Plan 2)","19ec0d23-8335-4cbd-94ac-6050e30712fa"
"Office 365 Advanced Compliance for GCC","1a585bba-1ce3-416e-b1d6-9c482b52fcf6"
"Microsoft 365 A3 - Unattended License for students use benefit","1aa94593-ca12-4254-a738-81a5972958e8"
"Office 365 Advanced Compliance","1b1b1f7a-8355-43b6-829f-336cfccb744c"
"Windows 365 Business 4 vCPU 16 GB 512 GB","1b3043ad-dfc6-427e-a2c0-5ca7a6c94a2b"
"Windows 365 Shared Use 4 vCPU 16 GB 128 GB","1bf40e76-4065-4530-ac37-f1513f362f50"
"Microsoft Teams Audio Conferencing with dial-out to USA/CAN","1c27243e-fb4d-42b1-ae8c-fe25c9616588"
"Windows 365 Enterprise 2 vCPU 8 GB 256 GB","1c79494f-e170-431f-a409-428f6053fa35"
"Dynamics 365 for Sales Enterprise Edition","1e1a282c-9c54-43a2-9310-98ef728faace"
"Dynamics 365 Customer Service Enterprise Viral Trial","1e615a51-59db-4807-9957-aa83c3657351"
"Windows 10/11 Enterprise E5 (Original)","1e7e1070-8ccb-4aca-b470-d7cb538cb07e"
"Microsoft Stream","1f2f344a-700d-42c9-9427-5cea1d5d7ba6"
"Microsoft Teams Phone Standard for Students","1f338bbc-767e-4a1e-a2d4-b73207cc5b93"
"Windows 365 Shared Use 2 vCPU 4 GB 64 GB","1f9990ca-45d9-4c8d-8d04-a79241924ce1"
"SharePoint Online (Plan 1)","1fc08a02-8b3d-43b9-831e-f76859e04e1a"
"Microsoft 365 E5 without Audio Conferencing (500 seats min)_HUB","2113661c-6509-4034-98bb-9c47bd28d63c"
"Microsoft Teams Rooms Pro without Audio Conferencing","21943e3a-2429-4f83-84c1-02735cd49e78"
"Windows 365 Enterprise 2 vCPU 4 GB 128 GB","226ca751-f0a4-4232-9be5-73c02a92555e"
"Microsoft 365 Security and Compliance for Firstline Workers","2347355b-4e81-41a4-9c22-55057a399791"
"Dynamics 365 for Marketing Business Edition","238e2f8d-e429-4035-94db-6926be4ffe7b"
"Dynamics 365 Sales Professional Attach to Qualifying Dynamics 365 Base Offer","245e6bf9-411e-481e-8611-5c08595e2988"
"Microsoft 365 E5 Security","26124093-3d78-432b-b5dc-48bf992543d5"
"Microsoft Defender for Office 365 (Plan 1) Faculty","26ad4b5c-b686-462e-84b9-d7c22b46837f"
"Power Apps Portals login capacity add-on Tier 2 (10 unit min) for Government","26c903d5-d385-4cb1-b650-8d81a643b3c4"
"Office 365 E5 Without Audio Conferencing","26d45bd9-adf1-46cd-a9e1-51e9a5524128"
"Dynamics 365 Business Central Essentials","2880026b-2b0c-4251-8656-5d41ff11e3aa"
"Microsoft Teams Shared Devices","295a8eb0-f78d-45c7-8b5b-1eed5ed02dff"
"Microsoft Teams Commercial Cloud","29a2f828-8f39-4837-b8ff-c957e86abe3c"
"Dynamics 365 Field Service Viral Trial","29fcd665-d8d1-4f34-8eed-3811e3fca7b3"
"Microsoft 365 F3 GCC","2a914830-d700-444a-b73c-e3f31980d833"
"Microsoft Intune Device","2b317a4a-77a6-4188-9437-b68a77b4e2c6"
"Azure Active Directory Basic","2b9c8e7c-319c-43a2-a2a0-48c5c6161de7"
"Microsoft Intune Device for Government","2c21e77a-e0d6-4570-b38a-7ff2dc17d2ca"
"Microsoft Teams Phone Resource Account for GCC","2cf22bcb-0c9e-4bc6-8daf-7e7654c0f285"
"Windows 365 Shared Use 2 vCPU 8 GB 128 GB","2d21fc84-b918-491e-ad84-e24d61ccec94"
"Microsoft 365 Audio Conferencing for GCC","2d3091c7-0712-488b-b3d8-6b97bde6a1f5"
"Project Online Premium Without Project Client","2db84718-652c-47a7-860c-f10d8abbdae3"
"Dynamics 365 Business Central Team Members","2e3c4023-80f6-4711-aa5d-29e0ecb46835"
"Windows 365 Shared Use 2 vCPU 8 GB 256 GB","2eaa4058-403e-4434-9da9-ea693f5d96dc"
"Dynamics 365 Sales Premium","2edaa1dc-966d-4475-93d6-8ee8dfd96877"
"Azure Active Directory Premium P1 for Faculty","30fc3c36-5a95-4956-ba57-c09c2a600bb9"
"Office 365 A1 for students","314c4481-f395-4525-be8b-2ec4bb1e9d91"
"Microsoft 365 A5 for students use benefit","31d57bc7-3a05-4867-ab53-97a17835a411"
"Dynamics 365 - Additional Database Storage (Qualified Offer)","328dc228-00bc-48c6-8b09-1fbc8bc3435d"
"Microsoft 365 F5 Security + Compliance Add-on","32b47245-eb31-44fc-b945-a8b1576c439f"
"Dynamics 365 P1 Tria for Information Workers","338148b6-1b11-4102-afb9-f92b6cdc0f8d"
"Power Automate unattended RPA add-on","3539d28c-6e35-4a30-b3a9-cd43d5d3e0e2"
"Dynamics 365 Customer Voice","359ea3e6-8130-4a57-9f8f-ad897a0342f1"
"Microsoft Teams Premium Introductory Pricing","36a0f3b3-adb5-49ea-bf66-762134cf063a"
"Visio Plan 2","38b434d2-a15e-4cde-9a98-e737c75623e1"
"Dynamics 365 for Talent","3a256e9a-15b6-4092-b0dc-82993f4debc6"
"Power BI Pro Dept","3a6a908c-09c5-406a-8170-8ebb63c42882"
"Microsoft Teams Essentials (AAD Identity)","3ab6abff-666f-4424-bfb7-f0bc274ec7bc"
"Microsoft 365 Business Basic","3b555118-da6a-4418-894f-7df1e2096870"
"Dynamics 365 Operations - Device","3bbd44ed-8a70-4c07-9088-6232ddbd5ddd"
"Windows 365 Business 8 vCPU 32 GB 128 GB","3cb45fab-ae53-4ff6-af40-24c1915ca07b"
"Microsoft Workplace Analytics","3d957427-ecdc-4df2-aacd-01cc9d519da8"
"Microsoft Defender for Office 365 (Plan 2)","3dd6cf57-d688-4eed-ba52-9e40b5468c3e"
"Microsoft 365 F5 Compliance Add-on GCC","3f17cf90-67a2-4fdb-8587-37c1539507e1"
"Office 365 G1 GCC","3f4babde-90ec-47c6-995d-d223749065d1"
"Power Pages vTrial for Makers","3f9f06f5-3c31-472c-985f-62d9c10ec167"
"Viva Topics","4016f256-b063-4864-816e-d818aad600c9"
"Power BI Pro CE","420af87e-8177-4146-a780-3786adaffbca"
"Windows 365 Business 2 vCPU 4 GB 64 GB","42e6818f-8966-444b-b7ac-0027c83fa8b5"
"Windows 365 Business 4 vCPU 16 GB 128 GB (with Windows Hybrid Benefit)","439ac253-bfbc-49c7-acc0-6b951407b5ef"
"Microsoft Teams Phone Resource Account","440eaaa8-b3e0-484b-a8be-62870b9ba70a"
"Microsoft 365 F1","44575883-256e-4a79-9da4-ebe9acabe2b2"
"Dynamics 365 Customer Voice Additional Responses","446a86f8-a0cb-4095-83b3-d100eb050e3d"
"Common Data Service Log Capacity","448b063f-9cc6-42fc-a0e6-40e08724a395"
"Microsoft 365 E5 Security for EMS E5","44ac31e7-2999-4304-ad94-c948886741d4"
"Exchange Online Protection","45a2423b-e884-448d-a831-d9e139c52d2f"
"Power BI for Office 365 Add-On","45bc2c81-6072-436a-9b0b-3b12eefbc402"
"Project Plan 3 (for Department)","46102f44-d912-47e7-b0ca-1bd7b70ada3b"
"Windows 365 Enterprise 2 vCPU 8 GB 128 GB (Preview)","461cb62c-6db7-41aa-bf3c-ce78236cdb9e"
"Project Plan 3 for Faculty","46974aed-363e-423c-9e6a-951037cec495"
"Windows 365 Shared Use 4 vCPU 16 GB 512 GB","469af4da-121c-4529-8c85-9467bbebaa4b"
"Microsoft 365 A5 for Students","46c119d4-0379-4a9d-85e4-97c66d3f909e"
"Microsoft Power Automate Plan 2","4755df59-3f73-41ab-a249-596ad72b5504"
"Privacy Management - subject rights request (1) for EDU","475e3e81-3c75-4e07-95b6-2fed374536c8"
"Communications Credtis","47794cd0-f0e5-45c5-9033-2eb6b5fc84e0"
"Windows 10 Enterprise E5","488ba24a-39a9-4473-8ee5-19291e71b002"
"Power Automate per user plan","4a51bf65-409c-4a91-b845-1121b571cc9d"
"Visio Plan 2 for GCC","4ae99959-6b0f-43b0-b1ce-68146001bdba"
"Visio Online Plan 1","4b244418-9658-4451-a2b8-b5e2b364e9bd"
"Dynamics 365 for Marketing USL","4b32a493-9a67-4649-8eb9-9fc5a5f75c12"
"Office 365 F3","4b585984-651b-448a-9e53-3b10f069cf7f"
"Microsoft 365 A3 for Faculty","4b590615-0888-425a-a965-b3bf7789848d"
"Power Virtual Agent User License","4b74a65c-8b4a-4fc8-9f6b-5177ed11ddfa"
"Exchange Online (Plan 1)","4b9405b0-7788-4568-add1-99614e613b69"
"Microsoft Teams Rooms Pro","4cde982a-ede4-4409-9ae6-b003453c8ea6"
"Microsoft Defender for Office 365 (Plan 1)","4ef96642-f096-40de-a3e9-d83fb2f90211"
"Microsoft Relationship Sales solution","4f05b1a3-a978-462c-b93f-781c6bee998f"
"Teams Rooms Premium","4fb214cb-a430-4a91-9c91-4976763aa78f"
"Microsoft Teams Rooms Basic without Audio Conferencing","50509a35-f0bd-4c5e-89ac-22f0e16a00f8"
"Microsoft Defender for Endpoint Server","509e8ab6-0274-4cda-bcbd-bd164fd562c4"
"Microsoft 365 F1","50f60901-3181-4b75-8a2c-4c8e4c1d5a72"
"Windows 365 Enterprise 2 vCPU 4 GB 256 GB","5265a84e-8def-4fa2-ab4b-5dc278df5025"
"Minecraft Education Student","533b8f26-f74b-4e9c-9c59-50fc4b393b63"
"Office 365 G3 GCC","535a3a29-c5f0-42fe-8215-d3b9e1f38c4a"
"Project Plan 3","53818b1b-4a27-454b-8896-0dba576410e6"
"Skype for Business PSTN Domestic Calling (120 Minutes)","54a152dc-90de-4996-93d2-bc47e670fc06"
"Dynamics 365 Finance","55c9eb4e-c746-45b4-b255-9ab6b19d5c62"
"Microsoft Defender for Office 365 (Plan 2) GCC","56a59ffb-9df1-421b-9e61-8b568583474d"
"Power Apps Portals login capacity add-on Tier 2 (10 unit min)","57f3babd-73ce-40de-bcb2-dadbfbfff9f7"
"Dynamics 365 Sales Enterprise Attach to Qualifying Dynamics 365 Base Offer","5b22585d-1b71-4c6b-b6ec-160b1a9c2323"
"Microsoft Power Apps for Developer","5b631642-bd26-49fe-bd20-1daaa972ef80"
"Power Virtual Agents Viral Trial","606b54a9-78d8-4298-ad8b-df6ef4481c80"
"Microsoft Teams Rooms Standard","6070a4c8-34c6-4937-8dfb-39bbc6397a60"
"Microsoft Viva Suite","61902246-d7cb-453e-85cd-53ee28eec138"
"Microsoft Teams Rooms Standard without Audio Conferencing","61bec411-e46a-4dab-8f46-8b58ec845ffe"
"Dynamics 365 Customer Service Insights Trial","61e6bd70-fbdb-4deb-82ea-912842f39431"
"Common Data Service for Apps File Capacity","631d5fb1-a668-4c2a-9427-8830665a742e"
"Windows Store for Business","6470687e-a428-4b7a-bef2-8a291ad947c9"
"Dynamics 365 Customer Voice Additional Responses","65f71586-ade3-4ce1-afc0-1b452eaf3782"
"Office 365 E2","6634e0ce-1a9f-428c-a498-f84ec7b8aa2e"
"Microsoft 365 F3","66b55226-6b4f-492c-910c-a3b7a3c9d993"
"Dynamics 365 Asset Management Addl Assets","673afb9d-d85b-40c2-914e-7bf46cd5cd75"
"Microsoft 365 F5 Security Add-on","67ffe999-d9ca-49e1-9d2c-03fb28aa7a48"
"Windows 10 Enterprise E3","6a0f6da5-0b87-4190-a6ae-9bb5a2b9546a"
"Dynamics 365 Business Central for IWs","6a4a1628-9b9a-424d-bed5-4118f0ede3fd"
"Microsoft Teams Rooms Basic","6af4b3d6-14bb-4a2a-960c-6c902aad34f3"
"Dynamics 365 Sales Premium Viral Trial","6ec92958-3cc1-49db-95bd-bc6b3798df71"
"Office 365 E3","6fd2c87f-b296-42f0-b197-1e91e994b900"
"Microsoft Teams Phone Standard for GCCHIGH","7035277a-5e49-4abc-a24f-0ec49c501bb5"
"Privacy Management - subject rights request (1) USGOV_GCCHIGH","706d2425-6170-4818-ba08-2ad8f1d2d078"
"Microsoft Teams Exploratory","710779e8-3d4a-4c88-adb9-386c958d1fdf"
"Windows 365 Business 2 vCPU 8 GB 128 GB","71f21848-f89b-4aaa-a2dc-780c8e8aac5b"
"Microsoft Business Center","726a0894-2c77-4d65-99da-9775ef05aad1"
"Dynamics 365 for Customer Service Enterprise Edition","749742bf-0d37-4158-a120-33567104deeb"
"Microsoft Teams Trial","74fbf1bb-47c6-4796-9623-77dc7371723b"
"Windows 365 Business 2 vCPU 8 GB 256 GB","750d9542-a2f8-41c7-8c81-311352173432"
"Project Online Essentials","776df282-9fc0-4862-99e2-70e561b9909e"
"Windows 365 Enterprise 8 vCPU 32 GB 256 GB","7818ca3e-73c8-4e49-bc34-1276a2d27918"
"Privacy Management - risk_USGOV_GCCHIGH","787d7e75-29ca-4b90-a3a9-0b780b35367c"
"Office 365 A1 Plus for faculty","78e66a63-337a-4a9a-8959-41c6654dfb56"
"Privacy Management - subject rights request (10)","78ea43ac-9e5d-474f-8537-4abb82dafe27"
"Dynamics 365 Remote Assist","7a551360-26c4-4f61-84e6-ef715673e083"
"Dynamics 365 Team Members","7ac9fe77-66b7-4e5e-9e46-10eed1cff547"
"Power BI Premium P1","7b26f5ab-a763-4c00-a1ac-f6c4b5506945"
"Windows 365 Enterprise 2 vCPU 4 GB 64 GB","7bb14422-3b90-4389-a7be-f1b745fc037f"
"Microsoft 365 A3 for Students","7cfd9a2b-e110-4c39-bf20-c6a3f36a3121"
"Dynamics 365 Business Central Database Capacity","7d0d4f9a-2686-4cb8-814c-eff3fdab6d74"
"Dynamics 365 for Customer Service Chat","7d7af6c2-0be6-46df-84d1-c181b0272909"
"Dynamics 365 Regulatory Service - Enterprise Edition Trial","7ed4877c-0863-4f69-9187-245487128d4f"
"Exchange Online Essentials (ExO P1 Based)","7fc0182e-d107-4556-8329-7caaa511197b"
"Windows 365 Business 2 vCPU 4 GB 256 GB","805d57c3-a97d-4c12-a1d0-858ffe5015d0"
"Exchange Online Kiosk","80b2d799-d2ba-4d2a-8842-fb0d0f3a4b82"
"Microsoft 365 A5 without Audio Conferencing for students use benefit","81441ae1-0b31-4185-a6c0-32b6b84d419f"
"Windows 365 Business 1 vCPU 2 GB 64 GB","816eacd3-e1e3-46b3-83c8-1ffd37e053d9"
"Microsoft 365 Business Voice (without Calling Plan) for US","8330dae3-d349-44f7-9cad-1b23c64baabe"
"Privacy Management - risk_USGOV_DOD","83b30692-0d09-435c-a455-2ab220d504b9"
"Multi-Geo Capabilities in Office 365","84951599-62b7-46f3-9c9d-30551b2ad607"
"Azure Active Directory Premium P2","84a661c4-e949-4bd2-a560-ed7766fcaf2b"
"Project Plan 1 (for Department)","84cd610f-a3f8-4beb-84ab-d9d2c902c6c9"
"Office 365 Cloud App Security","84d5f90f-cd0d-4864-b90b-1c7ba63b4808"
"Dynamics 365 for Marketing Attach","85430fb9-02e8-48be-9d7e-328beb41fa29"
"Power Apps and Logic Flows","87bbbc60-4754-4998-8c88-227dca264858"
"Office 365 G5 GCC","8900a2c0-edba-4079-bdf3-b276e293b6a8"
"Enterprise Mobility + Security G5 GCC","8a180c2b-f4cf-4d44-897c-3d32acc4a60b"
"Compliance Manager Premium Assessment Add-On","8a5fbbed-8b8c-41e5-907e-c50c471340fd"
"Rights Management Adhoc","8c4ce438-32a7-4ac5-91a6-e22ae08d9c8b"
"Power Apps per user plan for Government","8e4c6baa-f2ff-4884-9c38-93785d0d7ba1"
"Dynamics 365 for Team Members Enterprise Edition","8e7a3d30-d97d-43ab-837c-d7701cef83dc"
"Dynamics 365 for Sales and Customer Service Enterprise Edition","8edc2cf8-6438-4fa9-b6e3-aa1660c640cc"
"Windows 365 Business 8 vCPU 32 GB 512 GB","8ee402cd-e6a8-4b67-a411-54d1f37a2049"
"Windows 10 Enterprise A3 for faculty","8efbe2f6-106e-442f-97d4-a59aa6037e06"
"App Connect IW","8f0c5670-4e56-4892-b06d-91c085d7004f"
"Windows 365 Shared Use 2 vCPU 4 GB 256 GB","8fe96593-34d3-49bb-aeee-fb794fed0800"
"Windows 365 Shared Use 2 vCPU 4 GB 128 GB","90369797-7141-4e75-8f5e-d13f4b6092c1"
"Microsoft Dynamics CRM Online Basic","906af65a-2970-46d5-9b58-4e9aa50f0657"
"Exchange Online Archiving for Exchange Server","90b5e015-709a-4b8b-b08e-3200f994494c"
"Business Apps (free)","90d8b3f8-712e-4f7b-aa1e-62e7ae6cbe96"
"Privacy Management - subject rights request (100) GCC","91bbc479-4c2c-4210-9c88-e5b468c35b83"
"Microsoft 365 F5 Compliance Add-on","91de26be-adfa-4a3d-989e-9131cc23dda7"
"Microsoft 365 Domestic Calling Plan for GCC","923f58ab-fca1-46a1-92f9-89fda21238a8"
"Power Apps Portals login capacity add-on Tier 3 (50 unit min)","927d8402-8d3b-40e8-b779-34e859f7b497"
"Windows 10 Enterprise E5 Commercial (GCC Compatible)","938fd547-d794-42a4-996c-1cc206619580"
"Office 365 A1 for faculty","94763226-9b3c-4e75-a931-5c89701abe66"
"Dynamics 365 Customer Service Enterprise Admin","94a6fbd4-6a2f-4990-b356-dc7dd8bed08a"
"Windows 365 Enterprise 4 vCPU 16 GB 256 GB","96d2951e-cb42-4481-9d6d-cad3baac177e"
"App governance add-on to Microsoft Defender for Cloud Apps","9706eed9-966f-4f1b-94f6-bb2b4af99a5b"
"Dynamics 365 Field Service, Enterprise Edition - Resource Scheduling Optimization","977464c4-bfaf-4b67-b761-a9bb735a2196"
"Minecraft Education Faculty","984df360-9a74-4647-8cf8-696749f6247a"
"Microsoft Teams Phone Standard_USGOV_GCCHIGH","985fcb26-7b94-475b-b512-89356697be71"
"Office 365 A3 for students","98b6e773-24d4-4c0d-a968-6e787a1f8204"
"Microsoft Defender for Identity","98defdf7-f6c1-44f5-a1f6-943b6764e7a5"
"Office 365 Extra File Storage","99049c9c-6011-4908-bf17-15f496e6519d"
"Dynamics 365 for Marketing Additional Application","99c5688b-6c75-4496-876f-07f0fbd69add"
"Microsoft 365 E5 Suite features","99cc8282-2f74-4954-83b7-c6a9a1999067"
"Dynamics 365 Business Central External Accountant","9a1e33ed-9697-43f3-b84c-1b0959dbb1d4"
"Privacy Management - subject rights request (100) for EDU","9b85b4f0-92d9-4c3d-b230-041520cb1046"
"Microsoft Stream Storage Add-On (500 GB)","9bd7c846-9556-4453-a542-191d527209e8"
"Dynamics 365 For Sales Professional Trial","9c7bff7a-3715-4da7-88d3-07f57f8d0fb6"
"Microsoft 365 F5 Compliance Add-on AR (DOD)_USGOV_DOD","9cfd6bc3-84cd-4274-8a21-8c7c41d6c350"
"Dynamics 365 - Additional Production Instance (Qualified Offer)","9d776713-14cb-4697-a21d-9a52455c738a"
"Sensor Data Intelligence Scenario Add-in for Dynamics 365 Supply Chain Management","9ea4bdef-a20b-4668-b4a7-73e1f7696e0a"
"Universal Print","9f3d9c1d-25a5-4aaa-8e59-23a1e6450a67"
"Microsoft 365 F5 Compliance Add-on AR_USGOV_GCCHIGH","9f436c0e-fb32-424b-90be-6a9f2919d506"
"Microsoft Threat Experts - Experts on Demand","9fa2f157-c8e4-4351-a3f2-ffa506da1406"
"Windows 365 Enterprise 8 vCPU 32 GB 512 GB","9fb0ba5f-4825-4e84-b239-5167a3a5d4dc"
"Privacy Management - subject rights request (10) GCC","a056b037-1fa0-4133-a583-d05cff47d551"
"Power Apps Portals page view capacity add-on","a0de5e3a-2500-4a19-b8f4-ec1c64692d22"
"Project for Office 365","a10d5e58-74da-4312-95c8-76be4e5b75a0"
"Dynamics 365 for Field Service Attach to Qualifying Dynamics 365 Base Offer","a36cdaa2-a806-4b6e-9ae0-28dbd993c20e"
"Power BI (free)","a403ebcc-fae0-4ca2-8c8c-7a907fd6c235"
"Office 365 A5 for faculty","a4585165-0533-458a-97e3-c400570268c4"
"Microsoft Teams Phone Standard for GCC","a460366a-ade7-4791-b581-9fbff1bdaa85"
"Dynamics 365 Enterprise Edition - Additional Portal (Qualified Offer)","a4bfb28e-becc-41b0-a454-ac680dc258d3"
"Dynamics 365 Business Central Additional Environment Addon","a58f5506-b382-44d4-bfab-225b2fbf8390"
"Microsoft 365 Business Voice","a6051f20-9cbc-47d2-930d-419183bf6cf1"
"Power Apps per app plan","a8ad7d2b-b8cf-49d6-b25a-69094a0be206"
"Microsoft 365 E5 with Calling Minutes","a91fc4e0-65e5-4266-aa76-4037509c1626"
"Microsoft Intune Suite","a929cd4d-8672-47c9-8664-159c1f322ba8"
"SharePoint Online (Plan 2)","a9732ec9-17d9-494c-a51c-d6b45b384dcb"
"Defender Threat Intelligence","a9c51c15-ffad-4c66-88c0-8771455c832d"
"Windows 365 Shared Use 4 vCPU 16 GB 256 GB","a9d1e0df-df6f-48df-9386-76a832119cca"
"Compliance Manager Premium Assessment Add-On for GCC","a9d7ef53-9bea-4a2a-9650-fa7df58fe094"
"Exchange Online (Plan 1) for Alumni with Yammer","aa0f9eb7-eff2-4943-8424-226fb137fcad"
"Nonprofit Portal","aa2695c9-8d59-4800-9dc8-12e01f1735af"
"Microsoft Teams Phone Standard for Small and Medium Business","aa6791d3-bb09-4bc2-afed-c30c3fe26032"
"Privacy Management - subject rights request (10) USGOV_DOD","ab28dfa1-853a-4f54-9315-f5146975ac9a"
"Microsoft 365 Business Standard - Prepaid Legacy","ac5cef5d-921b-4f97-9ef3-c99076e5470f"
"Exchange Online (Plan 1) for Students","ad2fe44a-915d-4e2b-ade1-6766d50a9d9c"
"Microsoft Defender Vulnerability Management Add-on","ad7a56e0-6903-4d13-94f3-5ad491e78960"
"Windows 365 Business 4 vCPU 16 GB 128 GB","ad83ac17-4a5a-4ebb-adb2-079fb277e8b9"
"Teams Phone with Calling Plan","ae2343d1-0999-43f6-ae18-d816516f6e78"
"Office 365 E3_USGOV_GCCHIGH","aea38a85-9bd5-4981-aa00-616b411205bf"
"Enterprise Mobility + Security A3 for Faculty","aedfac18-56b8-45e3-969b-53edb4ba4952"
"Enterprise Mobility + Security E5","b05e124f-c7cc-45a0-a6aa-8cf78c946968"
"Microsoft Teams Phone Standard_USGOV_DOD","b0e7de67-e503-4934-b729-53d595ba5cd1"
"Office 365 E3_USGOV_DOD","b107e5a3-3e60-4c0d-a184-a7e4395eb44c"
"Microsoft Defender for Endpoint P2_XPLAT","b126b073-72db-4a9d-87a4-b17afe41d4ab"
"Microsoft Teams Shared Devices for GCC","b1511558-69bd-4e1b-8270-59ca96dba0f3"
"Microsoft 365 A1","b17653a4-2443-4e8c-a550-18249dda78bb"
"Microsoft 365 Apps for Business","b214fe43-f5a3-4703-beeb-fa97188220fc"
"Power Apps per user plan","b30411f5-fea1-4a59-9ad9-3db7c7ead579"
"Windows 365 Business 4 vCPU 16 GB 256 GB","b3891a9f-c7d9-463c-a2ec-0b2321bda6f9"
"Power Automate per flow plan","b3a42176-0a8c-4c3f-ba4e-f2b37fe5be6b"
"Power Apps per app plan (1 app or portal)","b4d7b828-e8dc-4518-91f9-e123ae48440d"
"Dynamics 365 Talent: Onboard","b56e7ccc-d5c7-421f-a23b-5c18bdbad7c0"
"Project Plan 5 without Project Client for Faculty","b732e2a7-5694-4dff-a0f2-9d9204c794ac"
"Skype for Business Online (Plan 1)","b8b749f8-a4ef-4887-9539-c95b1eaa5db7"
"Privacy Management - subject rights request (100) USGOV_DOD","ba6e69d5-ba2e-47a7-b081-66c1b8e7e7d4"
"Microsoft Imagine Academy","ba9a34de-4489-469d-879c-0f0f145321cd"
"Microsoft Defender for Endpoint P1 for EDU","bba890d4-7881-4584-8102-0c3fdfb739a7"
"Windows 365 Enterprise 4 vCPU 16 GB 256 GB (Preview)","bbb4bf6e-3e12-4343-84a1-54d160c00f40"
"Dynamics 365 Customer Voice Trial","bc946dac-7877-4271-b2f7-99d2db13cd2c"
"Windows 365 Enterprise 2 vCPU 4 GB 128 GB (Preview)","bce09f38-1800-4a51-8d50-5486380ba84a"
"Office 365 Small Business","bd09678e-b83c-4d3f-aaba-3dad4abd128b"
"Dynamics 365 For Sales Professional","be9f9771-1c64-4618-9907-244325141096"
"Project Plan 1","beb6439c-caad-48d3-bf46-0c82871e12be"
"PowerApps per app baseline access","bf666882-9c9b-4b2e-aa2f-4789b0a52ba2"
"Visio Plan 2 for Faculty","bf95fd32-576a-4742-8d7a-6dc4940b9532"
"Power BI Premium Per User","c1d032e0-5619-4761-9b5c-75b6831e1711"
"Microsoft 365 Apps for Enterprise","c2273bd0-dff7-4215-9ef5-2c7bcfb06425"
"Microsoft 365 E3 - Unattended License","c2ac2ee4-9bb1-47e4-8541-d689c7e83371"
"Microsoft 365 Apps for Students","c32f9321-a627-406d-a114-1f9c81aaafac"
"Dynamics 365 for Marketing Additional Non-Prod Application","c393e9bd-2335-4b46-8b88-9e2a86a85ec1"
"Privacy Management - subject rights request (50)","c416b349-a83c-48cb-9529-c420841dedd6"
"Microsoft 365 E5 Developer (without Windows and Audio Conferencing)","c42b9cae-ea4f-4ab7-9717-81576235ccac"
"Azure Information Protection Plan 1","c52ea49f-fe5d-4e95-93ba-1de91d380f89"
"Visio Online Plan 2","c5928f49-12ba-48f7-ada3-0d743a3601d5"
"Dynamics 365 AI for Market Insights (Preview)","c6df1e30-1c9f-427f-907c-3d913474a1c7"
"Enterprise Mobility + Security G3 GCC","c793db86-5237-494e-9b11-dcd4877c2c8c"
"Dynamics 365 for Field Service Enterprise Edition","c7d15985-e746-4f01-b113-20b575898250"
"Office 365 E5","c7df2760-2c81-4ef7-b578-5b5392b571df"
"Windows Store for Business EDU Faculty","c7e9d9e6-1981-4bf3-bb50-a5bdfaa06fb2"
"Power Automate per user plan for Government","c8803586-c136-479a-8ff3-f5f32d23a68e"
"Windows 365 Enterprise 8 vCPU 32 GB 128 GB","c97d00e4-0c4c-4ec2-a016-9448c65de986"
"Project Online Essentials for GCC","ca1a159a-f09e-42b8-bb82-cb6420f54c8e"
"Visio Plan 1","ca7f3140-d88c-455b-9a1c-7f0679e31a76"
"Microsoft 365 E3_USGOV_GCCHIGH","ca9d1dd9-dfe9-4fef-b97c-9bc1ea3c3658"
"Exchange Online POP","cb0a98a8-11bc-494c-83d9-c1b1ac65327e"
"Windows 10 Enterprise E3","cb10e6cd-9da4-4992-867b-67546b1db821"
"Microsoft Azure Multi-Factor Authentication","cb2020b1-d8f6-41c0-9acd-8ff3d6d7831b"
"Microsoft 365 Business Premium","cbdc14ab-d96c-4c30-b9f4-6ada7cdc1d46"
"Dynamics 365 for Financials Business Edition","cc13a803-544e-4464-b4e4-6d6169a138fa"
"Dynamics 365 UNF OPS Plan ENT Edition","ccba3cfe-71ef-423a-bd87-b6df3dce59a9"
"Microsoft 365 E5 without Audio Conferencing","cd2925a3-5076-4233-8931-638a8c94f773"
"Microsoft 365 Apps for Business","cdd28e44-67e3-425e-be4c-737fab2899d3"
"Privacy Management - subject rights request (100) USGOV_GCCHIGH","cee36ce4-cc31-481f-8cab-02765d3e441f"
"Privacy Management - subject rights request (100)","cf4c6c3b-f863-4940-97e8-1d25e912f4c4"
"Microsoft Teams Phone Standard for DOD","d01d9287-694b-44f3-bcc5-ada78c8d953e"
"Microsoft Defender for Office 365 (Plan 1) GCC","d0d1ca43-b81a-4f51-81e5-a5b1ad7bb005"
"Windows 10/11 Enterprise E3 VDA","d13ef257-988a-46f3-8fce-f47484dd4550"
"Microsoft Dynamics CRM Online","d17b27af-3f49-4822-99f9-56a661538792"
"Windows 365 Enterprise 4 vCPU 16 GB 128 GB","d201f153-d3b2-4057-be2f-fe25c8983e6f"
"AI Builder Capacity add-on","d2dea78b-507c-4e56-b400-39447f4738f8"
"Dynamics 365 for Case Management Enterprise Edition","d39fb075-21ae-42d0-af80-22a2599749e0"
"Skype for Business PSTN Domestic and International Calling","d3b4fe1f-9992-4930-8acb-ca6ec609365e"
"Privacy Management - subject rights request (1) USGOV_DOD","d3c841f3-ea93-4da2-8040-6f2348d20954"
"Skype for Business Online (Plan 2)","d42c793f-6c78-4f43-92ca-e8f6a02b035f"
"Windows 10 Enterprise A3 for students","d4ef921e-840b-4b48-9a90-ab6698bc7b31"
"Microsoft 365 Business Voice (without calling plan)","d52db95a-5ecb-46b6-beb0-190ab5cda4a8"
"Microsoft 365 E3_USGOV_DOD","d61d61cc-f992-433f-a577-5bd016037eeb"
"Power Automate per user plan dept","d80a4c5d-8f05-4b64-9926-6574b9e6aee4"
"Dynamics 365 for Marketing Addnl Contacts Tier 5","d8eec316-778c-4f14-a7d1-a0aca433b4e7"
"Privacy Management - subject rights request (1)","d9020d1c-94ef-495a-b6de-818cbbcaa3b8"
"Microsoft Teams Phone Standard for Faculty","d979703c-028d-4de5-acbf-7955566b69b9"
"Intune for Education","d9d89b70-a645-4c24-b041-8d3cb1884ec7"
"Microsoft 365 Business Basic","dab7782a-93b1-4074-8bb1-0e61318bea0b"
"Microsoft 365 E5 (500 seats min)_HUB","db684ac5-c0e7-4f92-8284-ef9ebde75d33"
"Microsoft Power Apps Plan 2 Trial","dcb1a3ae-b33f-4487-846a-a640262fadf4"
"Privacy Management - risk for EDU","dcdbaae7-d8c9-40cb-8bb1-62737b9e5a86"
"Microsoft Power Apps Plan 2 (Qualified Offer)","ddfae3e3-fcb2-4174-8ebd-3023cb213c8b"
"Dynamics 365 Hybrid Connector","de176c31-616d-4eae-829a-718918d7ec23"
"TELSTRA Calling for O365","de3312e1-c7b0-46e6-a7c3-a515ff90bc86"
"Power BI Premium Per User Add-On","de376a03-6e5b-42ec-855f-093fb50b8ca5"
"Power BI Pro for Faculty","de5f128b-46d7-4cfc-b915-a89ba060ea56"
"Microsoft Cloud App Security","df845ce7-05f9-4894-b5f2-11bbfbcfd2b6"
"Microsoft 365 Audio Conferencing Pay-Per-Minute - EA","df9561a4-4969-4e6a-8e73-c601b68ec077"
"Privacy Management - subject rights request (10) for EDU","e001d9f1-5047-4ebf-8927-148530491f83"
"Dynamics 365 - Additional Non-Production Instance (Qualified Offer)","e06abcc2-7ec5-4a79-b08b-d9c282376f72"
"Power BI","e2767865-c3c9-4f09-9f99-6eee6eef861a"
"Dynamics 365 Customer Voice USL","e2ae107b-a571-426f-9367-6d4c8f1390ba"
"Windows 365 Enterprise 2 vCPU 8 GB 128 GB","e2aebe6c-897d-480f-9d62-fff1381581f7"
"Microsoft 365 GCC G5","e2be619b-b125-455f-8660-fb503e431a5d"
"Privacy Management Â– risk","e42bc969-759a-4820-9283-6b73085b68e6"
"Project Online Essentials for Faculty","e433b246-63e7-4d0b-9efa-7940fa3264d6"
"Microsoft Teams Phone Standard","e43b5b99-8dfb-405f-9987-dc307f34bcbd"
"Advanced Communications","e4654015-5daf-4a48-9b37-4f309dddd88b"
"Dynamics 365 Remote Assist HoloLens","e48328a2-8e98-4484-a70f-a99f8ac9ec89"
"Dynamics 365 Operations - Sandbox Tier 2:Standard Acceptance Testing","e485d696-4c87-4aac-bf4a-91b2fb6f0fa7"
"Power Virtual Agent","e4e55366-9635-46f4-a907-fc8c3b5ec81f"
"Dynamics 365 Talent: Attract","e561871f-74fa-4f02-abee-5b0ef54dd36d"
"Office 365 Extra File Storage for GCC","e5788282-6381-469f-84f0-3d7d4021d34d"
"Office 365 A3 for faculty","e578b273-6db4-4691-bba0-8d691f4da603"
"Microsoft Intune SMB","e6025b08-2fa5-4313-bd0a-7e5ffca32958"
"Common Data Service Database Capacity","e612d426-6bc3-4181-9658-91aa906b0ac0"
"OneDrive for Business (Plan 1)","e6778190-713e-4e4f-9119-8b8238de25df"
"Microsoft 365 G3 GCC","e823ca47-49c4-46b3-b38d-ca11d5abe3d2"
"Office 365 A1 Plus for students","e82ae690-a2d5-4d76-8d30-7c6e01e6022e"
"Exchange Enterprise CAL Services (EOP DLP)","e8ecdf70-47a8-4d39-9d15-093624b7f640"
"Exchange Online Essentials","e8f81a67-bd96-4074-b108-cf193eb9433b"
"Microsoft 365 A5 for Faculty","e97c048c-37a4-45fb-ab50-922fbf07a370"
"Dynamics 365 Customer Engagement Plan","ea126fc5-a19e-42e2-a731-da9d437bffcf"
"Microsoft 365 Apps for enterprise (device)","ea4c5ec8-50e3-4193-89b9-50da5bd4cdc7"
"Dynamics 365 for Customer Service Enterprise Attach to Qualifying Dynamics 365 Base Offer A","eb18b715-ea9d-4290-9994-2ebf4b5042d2"
"Microsoft Stream Plan 2","ec156933-b85b-4c50-84ec-c9e5603709ef"
"PowerApps Plan 1 for Government","eca22b68-b31f-4e9c-a20c-4d40287bc5dd"
"OneDrive for Business (Plan 2)","ed01faf2-1d88-4947-ae91-45ca18703a96"
"Privacy Management - subject rights request (50) for EDU","ed45d397-7d61-4110-acc0-95674917bb14"
"Power Automate per user with attended RPA plan","eda1941c-3c4f-4995-b5eb-e85a42175ab9"
"Common Data Service Database Capacity for Government","eddf428b-da0e-4115-accf-b29eb0b83965"
"Exchange Online Archiving for Exchange Online","ee02fd1b-340e-4a4b-b355-4a514e4c8943"
"Office 365 A5 for students","ee656612-49fa-43e5-b67e-cb1fdf7699df"
"Enterprise Mobility + Security E3","efccb6f7-5641-4e0e-bd10-b4976e1bf68e"
"Power BI Pro for GCC","f0612879-44ea-47fb-baf0-3d76d9235576"
"Power BI Premium Per User Dept","f168a3fb-7bcf-4a27-98c3-c235ea4b78b4"
"Project Plan 5 for GCC","f2230877-72be-4fec-b1ba-7156d6f75bd6"
"Microsoft 365 Business Standard","f245ecc8-75af-4f8e-b61f-27d8114de5f3"
"Dynamics 365 for Supply Chain Management","f2e48cb3-9da0-42cd-8464-4a54ce198ad0"
"Microsoft Power Automate Free","f30db892-07e9-47e9-837c-80727f46fd3d"
"Windows 365 Shared Use 8 vCPU 32 GB 128 GB","f319c63a-61a9-42b7-b786-5695bc7edbaf"
"Exchange Online (Plan 1) for GCC","f37d5ebf-4bf1-4aa2-8fa3-50c51059e983"
"Windows 365 Shared Use 8 vCPU 32 GB 512 GB","f4dc1de8-8c94-4d37-af8a-1fca6675590a"
"SharePoint Syntex","f61d4aba-134f-44e9-a2a0-f81a5adb26e4"
"Privacy Management - subject rights request (10) USGOV_GCCHIGH","f6aa3b3d-62f4-4c1d-a44f-0550f40f729c"
"Privacy Management - subject rights request (50)","f6c82f13-9554-4da1-bed3-c024cc906e02"
"Dynamics 365 Operations - Sandbox Tier 4:Standard Performance Testing","f7ad4bca-7221-452c-bdb6-3e6089f25e06"
"Project Online With Project for Office 365","f82a60b8-1ee3-4cfb-a4fe-1c6a53c2656c"
"Power BI Pro","f8a1db68-be16-40ed-86d5-cb42ce701560"
"Dynamics 365 Business Central Premium","f991cecc-3f91-4cd0-a9a8-bf1c8167e029"
"Windows 365 Shared Use 8 vCPU 32 GB 256 GB","fb019e88-26a0-4218-bd61-7767d109ac26"
"Windows 365 Business 8 vCPU 32 GB 256 GB","fbc79df2-da01-4c17-8d88-17f8c9493d8f"
"Office 365 Small Business Premium","fc14ec4a-4169-49a4-a51e-2c852931814b"
"Microsoft Dynamics AX7 User Trial","fcecd1f9-a91e-488d-a918-a96cdb6ce2b0"
"Microsoft Teams Essentials","fde42873-30b6-436b-b361-21af5a6b84ae"
"Microsoft Teams Phone Standard for TELSTRA","ffaf2d68-1c95-4eb3-9ddd-59b81fba0f61"
